都道府県,高校名,高校ページURL
千葉県,Ｎ高等学校・Ｓ高等学校　松戸キャンパス（通信制）,https://school.js88.com/scl_h/34056281/
千葉県,東海大学付属市原望洋高等学校,https://school.js88.com/scl_h/22006900/
千葉県,西武台千葉高等学校,https://school.js88.com/scl_h/22007100/
千葉県,Ｎ高等学校・Ｓ高等学校　千葉キャンパス（通信制）,https://school.js88.com/scl_h/34056280/
千葉県,光英ＶＥＲＩＴＡＳ高等学校,https://school.js88.com/scl_h/22007070/
千葉県,飛鳥未来高等学校　千葉キャンパス（通信制）,https://school.js88.com/scl_h/34029380/
千葉県,東海大学付属浦安高等学校,https://school.js88.com/scl_h/22006920/
千葉県,千葉学芸高等学校,https://school.js88.com/scl_h/22006770/
千葉県,Ｎ高等学校・Ｓ高等学校　海浜幕張キャンパス（通信制）,https://school.js88.com/scl_h/34056283/
千葉県,日出学園高等学校,https://school.js88.com/scl_h/22006740/
千葉県,木更津総合高等学校,https://school.js88.com/scl_h/22006830/
千葉県,我孫子二階堂高等学校,https://school.js88.com/scl_h/22006850/
千葉県,翔凜高等学校,https://school.js88.com/scl_h/22007120/
千葉県,明聖高等学校（通信制）,https://school.js88.com/scl_h/34024976/
千葉県,麗澤高等学校,https://school.js88.com/scl_h/22006710/
千葉県,市原中央高等学校,https://school.js88.com/scl_h/22007060/
千葉県,千葉経済大学附属高等学校,https://school.js88.com/scl_h/22006630/
千葉県,愛国学園大学附属四街道高等学校,https://school.js88.com/scl_h/22007000/
千葉県,横芝敬愛高等学校,https://school.js88.com/scl_h/22006910/
千葉県,千葉商科大学付属高等学校,https://school.js88.com/scl_h/22006760/
千葉県,千葉聖心高等学校,https://school.js88.com/scl_h/22006990/
千葉県,中央学院高等学校,https://school.js88.com/scl_h/22006880/
千葉県,Ｎ高等学校・Ｓ高等学校　柏キャンパス（通信制）,https://school.js88.com/scl_h/34056282/
千葉県,暁星国際高等学校,https://school.js88.com/scl_h/22006960/
千葉県,秀明大学学校教師学部附属秀明八千代高等学校,https://school.js88.com/scl_h/22007080/
千葉県,和洋国府台女子高等学校,https://school.js88.com/scl_h/22006700/
千葉県,千葉女子高等学校,https://school.js88.com/scl_h/22005110/
千葉県,千葉東高等学校,https://school.js88.com/scl_h/22005120/
千葉県,千葉県立千葉商業高等学校,https://school.js88.com/scl_h/22005130/
千葉県,千葉県立千葉高等学校,https://school.js88.com/scl_h/22005100/
千葉県,印旛明誠高等学校,https://school.js88.com/scl_h/22005440/
千葉県,国府台高等学校,https://school.js88.com/scl_h/22005280/
千葉県,柏南高等学校,https://school.js88.com/scl_h/22005380/
千葉県,我孫子高等学校,https://school.js88.com/scl_h/22005430/
千葉県,千葉工業高等学校,https://school.js88.com/scl_h/22005150/
千葉県,東葛飾高等学校,https://school.js88.com/scl_h/22005360/
千葉県,千葉南高等学校,https://school.js88.com/scl_h/22005160/
千葉県,清水高等学校,https://school.js88.com/scl_h/22005420/
千葉県,行徳高等学校,https://school.js88.com/scl_h/22005300/
千葉県,船橋東高等学校,https://school.js88.com/scl_h/22005230/
千葉県,佐倉高等学校,https://school.js88.com/scl_h/22005460/
千葉県,県立船橋高等学校,https://school.js88.com/scl_h/22005210/
千葉県,船橋啓明高等学校,https://school.js88.com/scl_h/22005240/
千葉県,千葉県立鎌ヶ谷高等学校,https://school.js88.com/scl_h/22005260/
千葉県,検見川高等学校,https://school.js88.com/scl_h/22005170/
千葉県,京葉工業高等学校,https://school.js88.com/scl_h/22005140/
千葉県,流山高等学校,https://school.js88.com/scl_h/22005390/
千葉県,流山おおたかの森高等学校,https://school.js88.com/scl_h/22005400/
千葉県,八千代高等学校,https://school.js88.com/scl_h/22005200/
千葉県,松戸国際高等学校,https://school.js88.com/scl_h/22005340/
千葉県,千葉北高等学校,https://school.js88.com/scl_h/22005180/
千葉県,小金高等学校,https://school.js88.com/scl_h/22005330/
千葉県,国分高等学校,https://school.js88.com/scl_h/22005290/
千葉県,薬園台高等学校,https://school.js88.com/scl_h/22005220/
千葉県,県立松戸高等学校,https://school.js88.com/scl_h/22005320/
千葉県,市川工業高等学校,https://school.js88.com/scl_h/22005270/
千葉県,成田西陵高等学校,https://school.js88.com/scl_h/22005450/
千葉県,浦安高等学校,https://school.js88.com/scl_h/22005310/
千葉県,千葉県立柏高等学校,https://school.js88.com/scl_h/22005370/
千葉県,若松高等学校,https://school.js88.com/scl_h/22005190/
千葉県,安房拓心高等学校,https://school.js88.com/scl_h/22005810/
千葉県,匝瑳高等学校,https://school.js88.com/scl_h/22005610/
千葉県,茂原樟陽高等学校,https://school.js88.com/scl_h/22005710/
千葉県,長狭高等学校,https://school.js88.com/scl_h/22005800/
千葉県,八街高等学校,https://school.js88.com/scl_h/22005480/
千葉県,千葉県立長生高等学校,https://school.js88.com/scl_h/22005690/
千葉県,四街道高等学校,https://school.js88.com/scl_h/22005490/
千葉県,大原高等学校,https://school.js88.com/scl_h/22005760/
千葉県,成東高等学校,https://school.js88.com/scl_h/22005630/
千葉県,県立銚子高等学校,https://school.js88.com/scl_h/22005560/
千葉県,館山総合高等学校,https://school.js88.com/scl_h/22005840/
千葉県,小見川高等学校,https://school.js88.com/scl_h/22005540/
千葉県,銚子商業高等学校,https://school.js88.com/scl_h/22005570/
千葉県,旭農業高等学校,https://school.js88.com/scl_h/22005590/
千葉県,成田国際高等学校,https://school.js88.com/scl_h/22005500/
千葉県,佐倉東高等学校,https://school.js88.com/scl_h/22005470/
千葉県,一宮商業高等学校,https://school.js88.com/scl_h/22005730/
千葉県,大多喜高等学校,https://school.js88.com/scl_h/22005740/
千葉県,佐原白楊高等学校,https://school.js88.com/scl_h/22005530/
千葉県,九十九里高等学校,https://school.js88.com/scl_h/22005680/
千葉県,下総高等学校,https://school.js88.com/scl_h/22005510/
千葉県,大網高等学校,https://school.js88.com/scl_h/22005660/
千葉県,松尾高等学校,https://school.js88.com/scl_h/22005620/
千葉県,多古高等学校,https://school.js88.com/scl_h/22005550/
千葉県,東金商業高等学校,https://school.js88.com/scl_h/22005650/
千葉県,東総工業高等学校,https://school.js88.com/scl_h/22005600/
千葉県,安房高等学校,https://school.js88.com/scl_h/22005820/
千葉県,東金高等学校,https://school.js88.com/scl_h/22005640/
千葉県,茂原高等学校,https://school.js88.com/scl_h/22005700/
千葉県,佐原高等学校,https://school.js88.com/scl_h/22005520/
千葉県,千葉県立八千代東高等学校,https://school.js88.com/scl_h/22006160/
千葉県,市立千葉高等学校,https://school.js88.com/scl_h/22006010/
千葉県,津田沼高等学校,https://school.js88.com/scl_h/22006110/
千葉県,松戸六実高等学校,https://school.js88.com/scl_h/22006150/
千葉県,君津商業高等学校,https://school.js88.com/scl_h/22005870/
千葉県,佐倉西高等学校,https://school.js88.com/scl_h/22006090/
千葉県,木更津高等学校,https://school.js88.com/scl_h/22005880/
千葉県,船橋芝山高等学校,https://school.js88.com/scl_h/22006140/
千葉県,姉崎高等学校,https://school.js88.com/scl_h/22006040/
千葉県,市原緑高等学校,https://school.js88.com/scl_h/22005970/
千葉県,船橋二和高等学校,https://school.js88.com/scl_h/22006180/
千葉県,市原高等学校,https://school.js88.com/scl_h/22005940/
千葉県,銚子市立銚子高等学校,https://school.js88.com/scl_h/22005980/
千葉県,船橋市立船橋高等学校,https://school.js88.com/scl_h/22005990/
千葉県,木更津東高等学校,https://school.js88.com/scl_h/22005890/
千葉県,天羽高等学校,https://school.js88.com/scl_h/22005860/
千葉県,野田中央高等学校,https://school.js88.com/scl_h/22006120/
千葉県,柏陵高等学校,https://school.js88.com/scl_h/22006130/
千葉県,千葉県立袖ヶ浦高等学校,https://school.js88.com/scl_h/22005930/
千葉県,生浜高等学校,https://school.js88.com/scl_h/22006080/
千葉県,君津高等学校,https://school.js88.com/scl_h/22005900/
千葉県,柏高等学校,https://school.js88.com/scl_h/22006070/
千葉県,松戸市立松戸高等学校,https://school.js88.com/scl_h/22006020/
千葉県,京葉高等学校,https://school.js88.com/scl_h/22005960/
千葉県,市川東高等学校,https://school.js88.com/scl_h/22006060/
千葉県,習志野高等学校,https://school.js88.com/scl_h/22006000/
千葉県,泉高等学校,https://school.js88.com/scl_h/22006170/
千葉県,磯辺高等学校,https://school.js88.com/scl_h/22006050/
千葉県,千城台高等学校,https://school.js88.com/scl_h/22006100/
千葉県,君津青葉高等学校,https://school.js88.com/scl_h/22005920/
千葉県,流山北高等学校,https://school.js88.com/scl_h/22006530/
千葉県,実籾高等学校,https://school.js88.com/scl_h/22006380/
千葉県,我孫子東高等学校,https://school.js88.com/scl_h/22006470/
千葉県,市川昴高等学校,https://school.js88.com/scl_h/22006520/
千葉県,千葉市立稲毛高等学校,https://school.js88.com/scl_h/22006240/
千葉県,千葉西高等学校,https://school.js88.com/scl_h/22006450/
千葉県,八千代西高等学校,https://school.js88.com/scl_h/22006260/
千葉県,船橋北高等学校,https://school.js88.com/scl_h/22006510/
千葉県,松戸向陽高等学校,https://school.js88.com/scl_h/22006400/
千葉県,市川南高等学校,https://school.js88.com/scl_h/22006340/
千葉県,柏の葉高等学校,https://school.js88.com/scl_h/22006550/
千葉県,柏井高等学校,https://school.js88.com/scl_h/22006320/
千葉県,柏中央高等学校,https://school.js88.com/scl_h/22006350/
千葉県,千葉大宮高等学校（通信制）,https://school.js88.com/scl_h/22006360/
千葉県,船橋古和釜高等学校,https://school.js88.com/scl_h/22006270/
千葉県,沼南高等学校,https://school.js88.com/scl_h/22006230/
千葉県,沼南高柳高等学校,https://school.js88.com/scl_h/22006480/
千葉県,犢橋高等学校,https://school.js88.com/scl_h/22006500/
千葉県,成田北高等学校,https://school.js88.com/scl_h/22006310/
千葉県,市原八幡高等学校,https://school.js88.com/scl_h/22006440/
千葉県,鎌ヶ谷西高等学校,https://school.js88.com/scl_h/22006280/
千葉県,佐倉南高等学校（定時制）,https://school.js88.com/scl_h/22006430/
千葉県,船橋豊富高等学校,https://school.js88.com/scl_h/22006390/
千葉県,船橋法典高等学校,https://school.js88.com/scl_h/22006330/
千葉県,白井高等学校,https://school.js88.com/scl_h/22006420/
千葉県,千葉県立土気高等学校,https://school.js88.com/scl_h/22006370/
千葉県,四街道北高等学校,https://school.js88.com/scl_h/22006540/
千葉県,流山南高等学校,https://school.js88.com/scl_h/22006410/
千葉県,浦安南高等学校,https://school.js88.com/scl_h/22006460/
千葉県,松戸馬橋高等学校,https://school.js88.com/scl_h/22006290/
千葉県,東京学館高等学校,https://school.js88.com/scl_h/22006970/
千葉県,千葉英和高等学校,https://school.js88.com/scl_h/22006720/
千葉県,千葉日本大学第一高等学校,https://school.js88.com/scl_h/22006860/
千葉県,八千代松陰高等学校,https://school.js88.com/scl_h/22006950/
千葉県,関宿高等学校,https://school.js88.com/scl_h/22006570/
千葉県,日本体育大学柏高等学校,https://school.js88.com/scl_h/22006820/
千葉県,幕張総合高等学校,https://school.js88.com/scl_h/22006580/
千葉県,不二女子高等学校,https://school.js88.com/scl_h/22006940/
千葉県,千葉明徳高等学校,https://school.js88.com/scl_h/22006750/
千葉県,茂原北陵高等学校,https://school.js88.com/scl_h/22006660/
千葉県,芝浦工業大学柏高等学校,https://school.js88.com/scl_h/22007010/
千葉県,市川高等学校,https://school.js88.com/scl_h/22006640/
千葉県,千葉県安房西高等学校,https://school.js88.com/scl_h/22006670/
千葉県,鴨川令徳高等学校（通信制）,https://school.js88.com/scl_h/22006680/
千葉県,敬愛大学八日市場高等学校,https://school.js88.com/scl_h/22006590/
千葉県,富里高等学校,https://school.js88.com/scl_h/22006560/
千葉県,二松学舎大学附属柏高等学校,https://school.js88.com/scl_h/22006870/
千葉県,拓殖大学紅陵高等学校,https://school.js88.com/scl_h/22006930/
千葉県,千葉敬愛高等学校,https://school.js88.com/scl_h/22006620/
千葉県,専修大学松戸高等学校,https://school.js88.com/scl_h/22006810/
千葉県,成田高等学校,https://school.js88.com/scl_h/22006600/
千葉県,敬愛学園高等学校,https://school.js88.com/scl_h/22006800/
千葉県,千葉萌陽高等学校,https://school.js88.com/scl_h/22006730/
千葉県,東葉高等学校,https://school.js88.com/scl_h/22006650/
千葉県,東邦大学付属東邦高等学校,https://school.js88.com/scl_h/22006790/
千葉県,千葉黎明高等学校,https://school.js88.com/scl_h/22006690/
千葉県,植草学園大学附属高等学校,https://school.js88.com/scl_h/22006980/
千葉県,国府台女子学院高等部,https://school.js88.com/scl_h/22006780/
千葉県,日本大学習志野高等学校,https://school.js88.com/scl_h/22006840/
千葉県,昭和学院高等学校,https://school.js88.com/scl_h/22006610/
千葉県,中央国際高等学校（通信制）,https://school.js88.com/scl_h/34031241/
千葉県,匝瑳高等学校（定時制）,https://school.js88.com/scl_h/22101920/
千葉県,中山学園高等学校（通信制）,https://school.js88.com/scl_h/34028528/
千葉県,つくば開成高等学校　柏校（通信制）,https://school.js88.com/scl_h/34030006/
千葉県,志学館高等部,https://school.js88.com/scl_h/22007030/
千葉県,わせがく高等学校（通信制）,https://school.js88.com/scl_h/34025118/
千葉県,渋谷教育学園幕張高等学校,https://school.js88.com/scl_h/22007040/
千葉県,一ツ葉高等学校　千葉キャンパス（通信制）,https://school.js88.com/scl_h/34030005/
千葉県,長狭高等学校（定時制）,https://school.js88.com/scl_h/22101940/
千葉県,船橋高等学校（定時制）,https://school.js88.com/scl_h/22101850/
千葉県,千葉科学大学附属高等学校（通信制）,https://school.js88.com/scl_h/34055729/
千葉県,千葉商業高等学校（定時制）,https://school.js88.com/scl_h/22101830/
千葉県,東葛飾高等学校（定時制）,https://school.js88.com/scl_h/22101870/
千葉県,佐原高等学校（定時制）,https://school.js88.com/scl_h/22101900/
千葉県,昭和学院秀英高等学校,https://school.js88.com/scl_h/22007050/
千葉県,東京学館浦安高等学校,https://school.js88.com/scl_h/22007020/
千葉県,鴨川令徳高等学校,https://school.js88.com/scl_h/34028557/
千葉県,松戸南高等学校（三部制）,https://school.js88.com/scl_h/34028559/
千葉県,東金高等学校（定時制）,https://school.js88.com/scl_h/22100010/
千葉県,時任学園中等教育学校（後期課程）,https://school.js88.com/scl_h/34025097/
千葉県,流通経済大学付属柏高等学校,https://school.js88.com/scl_h/22007090/
千葉県,桜林高等学校,https://school.js88.com/scl_h/34025096/
千葉県,千葉県立長生高等学校（定時制）,https://school.js88.com/scl_h/22101930/
千葉県,千葉工業高等学校（定時制）,https://school.js88.com/scl_h/22101840/
千葉県,木更津東高等学校（定時制）,https://school.js88.com/scl_h/22101960/
千葉県,銚子商業高等学校（定時制）,https://school.js88.com/scl_h/22101910/
千葉県,翔洋学園高等学校　柏キャンパス,https://school.js88.com/scl_h/34041227/
千葉県,館山総合高等学校（定時制）,https://school.js88.com/scl_h/22101950/
千葉県,あずさ第一高等学校（通信制）,https://school.js88.com/scl_h/34028491/
千葉県,東京学館船橋高等学校,https://school.js88.com/scl_h/22007110/
